{"source-ref":"s3://$BUCKET/artifacts/gt-point-cloud-demos/frames/0.txt","source-ref-metadata":{"unix-timestamp":1566861644.759115,"prefix":"s3://$BUCKET/artifacts/gt-point-cloud-demos/frames/","ego-vehicle-pose":{"heading":{"qx":-0.02111296123795955,"qy":-0.006495469416730261,"qz":-0.008024565904865688,"qw":0.9997181192298087},"position":{"x":-2.7161461413869947,"y":116.25822288149078,"z":1.8348751887989483}},"images":[{"fx":847.7962624528487,"fy":850.0340893791985,"cx":576.2129134707038,"cy":317.2423573573745,"k1":0,"k2":0,"k3":0,"k4":0,"p1":0,"p2":0,"skew":0,"unix-timestamp":1566861644.759115,"image-path":"images/frame_0_camera_0.jpg","position":{"x":-2.2722515189268138,"y":116.86003310568965,"z":1.454614668542299},"heading":{"qx":0.7594754093069037,"qy":0.02181790885672969,"qz":-0.02461725233103356,"qw":-0.6496916273040025},"camera_model":"pinhole"}]}}